Gene_name,Transcript_id,HGVS_p,MHC,Peptide,Core,Core_Rel,Score_EL,%Rank_EL,Score_BA,Affinity(nM),%Rank_BA,BindLevel,TransMemb,InCutmerRate,InCutmerRegion,Wildtype_peptide,HomoExsit,Homo_id,Homo_peptide,Aff(nM)_competitor,Aff(nM)_competitor/Affinity(nM)
TMEM185B,NM_024121.3,p.Ala62Val,DRB1_0301,SVGVGVWARNPRYRT,VGVWARNPR,0.793,0.130953,7.66,0.330367,1401.48,13.17,WB,signal,-,-,SVGAGVWARNPRYRT,-,-,-,2038.01,1.45
TMEM185B,NM_024121.3,p.Ala62Val,DRB1_0301,ASVGVGVWARNPRYR,VGVWARNPR,0.913,0.114048,8.47,0.294559,2064.65,18.89,WB,signal,-,-,ASVGAGVWARNPRYR,-,-,-,3489.17,1.69
FKBP15,NM_015258.2,p.Ile588Thr,DRB1_0301,QEILEKSNRTEEQND,LEKSNRTEE,0.953,0.140842,7.27,0.201262,5665.6,45.59,WB,inside,-,-,QEILEKSNRIEEQND,-,-,-,2334.37,0.41
FKBP15,NM_015258.2,p.Ile588Thr,DRB1_0301,KQEILEKSNRTEEQN,LEKSNRTEE,0.833,0.103745,9.07,0.213075,4985.82,41.12,WB,inside,-,-,KQEILEKSNRIEEQN,-,-,-,1946.5,0.39
NFRKB,NM_006165.3,p.Lys336Asn,DRB1_0301,LAVLKKNVKEKEEKK,LKKNVKEKE,0.993,0.2056,5.38,0.339416,1270.76,12.0,WB,inside,-,-,LAVLKKKVKEKEEKK,-,-,-,5219.09,4.11
NFRKB,NM_006165.3,p.Lys336Asn,DRB1_0301,LYDLAVLKKNVKEKE,LAVLKKNVK,0.887,0.17464,6.16,0.362172,993.42,9.53,WB,inside,-,-,LYDLAVLKKKVKEKE,-,-,-,2018.99,2.03
NFRKB,NM_006165.3,p.Lys336Asn,DRB1_0301,DLAVLKKNVKEKEEK,LKKNVKEKE,0.847,0.163142,6.47,0.340635,1254.11,11.87,WB,inside,-,-,DLAVLKKKVKEKEEK,-,-,-,4116.54,3.28
NFRKB,NM_006165.3,p.Lys336Asn,DRB1_0301,YDLAVLKKNVKEKEE,LAVLKKNVK,0.573,0.150283,6.92,0.351561,1114.28,10.65,WB,inside,-,-,YDLAVLKKKVKEKEE,-,-,-,2799.47,2.51
NFRKB,NM_006165.3,p.Lys336Asn,DRB1_0301,AVLKKNVKEKEEKKK,LKKNVKEKE,0.987,0.136865,7.41,0.291885,2125.26,19.4,WB,inside,-,-,AVLKKKVKEKEEKKK,-,-,-,8412.09,3.96
NFRKB,NM_006165.3,p.Lys336Asn,DRB1_0301,ALYDLAVLKKNVKEK,LAVLKKNVK,0.98,0.129308,7.73,0.38586,768.82,7.55,WB,inside,-,-,ALYDLAVLKKKVKEK,-,-,-,879.62,1.14
TP53,NM_000546.5,p.Arg175His,DRB1_0301,TEVVRHCPHHERCSD,VRHCPHHER,0.993,0.094032,9.71,0.19729,5914.39,47.07,WB,inside,-,-,TEVVRRCPHHERCSD,-,-,-,5829.7,0.99
STK11,NM_000455.5,p.Pro339Leu,DRB1_0301,VVLYLEDLHGADEDE,YLEDLHGAD,0.907,0.107988,8.82,0.313568,1680.83,15.58,WB,inside,-,-,VVPYLEDLHGADEDE,-,-,-,2676.25,1.59
STK11,NM_000455.5,p.Pro339Leu,DRB1_0301,TVVLYLEDLHGADED,YLEDLHGAD,0.74,0.089788,10.0,0.330828,1394.5,13.11,WB,inside,-,-,TVVPYLEDLHGADED,-,-,-,2433.53,1.75
PIH1D1,NM_017916.3,p.Glu92Gly,DRB1_0301,LLQMLEGDQAGFRIP,LEGDQAGFR,1.0,0.677358,1.09,0.591444,83.14,0.71,SB,inside,-,-,LLQMLEEDQAGFRIP,-,-,-,105.7,1.27
PIH1D1,NM_017916.3,p.Glu92Gly,DRB1_0301,LQMLEGDQAGFRIPM,LEGDQAGFR,1.0,0.662967,1.16,0.608963,68.78,0.53,SB,inside,-,-,LQMLEEDQAGFRIPM,-,-,-,89.31,1.3
PIH1D1,NM_017916.3,p.Glu92Gly,DRB1_0301,QMLEGDQAGFRIPMS,LEGDQAGFR,1.0,0.502031,2.03,0.555198,123.06,1.2,WB,inside,-,-,QMLEEDQAGFRIPMS,-,-,-,161.95,1.32
PIH1D1,NM_017916.3,p.Glu92Gly,DRB1_0301,ELLQMLEGDQAGFRI,LEGDQAGFR,0.993,0.484112,2.15,0.578084,96.07,0.87,WB,inside,-,-,ELLQMLEEDQAGFRI,-,-,-,120.56,1.25
PIH1D1,NM_017916.3,p.Glu92Gly,DRB1_0301,EELLQMLEGDQAGFR,LEGDQAGFR,0.86,0.172024,6.23,0.488619,252.91,2.69,WB,inside,-,-,EELLQMLEEDQAGFR,-,-,-,322.93,1.28
PIH1D1,NM_017916.3,p.Glu92Gly,DRB1_0301,MLEGDQAGFRIPMSL,LEGDQAGFR,0.993,0.114131,8.47,0.472959,299.61,3.14,WB,inside,-,-,MLEEDQAGFRIPMSL,-,-,-,386.16,1.29
