Pos,MHC,Peptide,Core,Icore,Identity,Score_EL,%Rank_EL,Score_BA,%Rank_BA,Aff(nM),BindLevel,TransMemb,InCutmerRate,InCutmerRegion,Wildtype_peptide,HomoExsit,Homo_id,Homo_peptide,Aff(nM)_competitor,Aff(nM)_competitor/Aff(nM)
12,HLA-A*11:01,ASVGVGVWAR,ASVGGVWAR,ASVGVGVWAR,Var2406200001,0.269158,0.863,0.528877,0.827,163.6,WB,signal,-,-,ASVGAGVWAR,-,-,-,176.8,1.08
13,HLA-A*11:01,SVGVGVWAR,SVGVGVWAR,SVGVGVWAR,Var2406200001,0.260018,0.885,0.456661,1.356,357.38,WB,signal,-,-,SVGAGVWAR,-,-,-,162.86,0.46
16,HLA-A*11:01,GLLQPSPPR,GLLQPSPPR,GLLQPSPPR,Var2406200007,0.360209,0.627,0.440308,1.494,426.56,WB,inside,-,-,RLLQPSPPR,-,-,-,110.35,0.26
16,HLA-A*11:01,GLLQPSPPRFK,GLLSPPRFK,GLLQPSPPRFK,Var2406200007,0.328326,0.703,0.458269,1.342,351.22,WB,inside,-,-,RLLQPSPPRFK,-,-,-,135.48,0.39
11,HLA-A*11:01,AVLKKNVKEK,AVLKKNVEK,AVLKKNVKEK,Var2406200009,0.581817,0.278,0.579622,0.543,94.48,SB,inside,-,-,AVLKKKVKEK,-,-,-,404.58,4.28
7,HLA-A*11:01,VVVGAGDVGK,VVVGAGVGK,VVVGAGDVGK,Var2406200010,0.304568,0.772,0.504478,0.977,213.03,WB,inside,-,-,VVVGAGGVGK,-,-,-,153.55,0.72
8,HLA-A*11:01,VVGAGDVGK,VVGAGDVGK,VVGAGDVGK,Var2406200010,0.301682,0.78,0.468629,1.25,313.98,WB,inside,-,-,VVGAGGVGK,-,-,-,83.45,0.27
29,HLA-A*11:01,RSYKRNSKR,RSYKRNSKR,RSYKRNSKR,Var2406200012,0.312361,0.749,0.429557,1.599,479.18,WB,outside,-,-,-,N,N,N,-,-
24,HLA-A*11:01,GAENTRSYK,GAENTRSYK,GAENTRSYK,Var2406200012,0.178735,1.194,0.422864,1.672,515.16,WB,outside,-,-,-,N,N,N,-,-
23,HLA-A*11:01,SGAENTRSYK,SGAENTSYK,SGAENTRSYK,Var2406200012,0.129727,1.514,0.446214,1.446,400.15,WB,outside,-,-,-,N,N,N,-,-
9,HLA-A*11:01,KTLSVECPGSR,KTLSVPGSR,KTLSVECPGSR,Var2406200013,0.150083,1.373,0.38189,2.092,802.57,WB,inside,-,-,KTLSVECLGSR,-,-,-,709.69,0.88
13,HLA-A*11:01,ATRDNGFLLQY,ATNGFLLQY,ATRDNGFLLQY,Var2406200020,0.282,0.832,0.456832,1.355,356.72,WB,inside,-,-,ATRENGFLLQY,-,-,-,371.45,1.04
13,HLA-A*33:03,SVGVGVWAR,SVGVGVWAR,SVGVGVWAR,Var2406200001,0.668848,0.147,0.623074,0.275,59.04,SB,signal,-,-,SVGAGVWAR,-,-,-,40.19,0.68
12,HLA-A*33:03,ASVGVGVWAR,ASVGVVWAR,ASVGVGVWAR,Var2406200001,0.401565,0.59,0.559586,0.515,117.35,WB,signal,-,-,ASVGAGVWAR,-,-,-,214.56,1.83
16,HLA-A*33:03,VGVWARNPR,VGVWARNPR,VGVWARNPR,Var2406200001,0.198979,1.46,0.552658,0.545,126.49,WB,signal,-,-,GVWARNPRY,-,-,-,13092.18,103.5
8,HLA-A*33:03,CVWCEGERLR,CVWEGERLR,CVWCEGERLR,Var2406200004,0.180668,1.587,0.495607,0.871,234.49,WB,inside,-,-,CVWCEGERPR,-,-,-,138.3,0.59
16,HLA-A*33:03,NTGDSEHLFR,NTGDSHLFR,NTGDSEHLFR,Var2406200006,0.417614,0.552,0.551288,0.55,128.38,WB,inside,-,-,STGDSEHLFR,-,-,-,322.46,2.51
14,HLA-A*33:03,DLGLLQPSPPR,DLLQPSPPR,DLGLLQPSPPR,Var2406200007,0.23037,1.275,0.318988,2.911,1585.09,WB,inside,-,-,DLRLLQPSPPR,-,-,-,474.83,0.3
16,HLA-A*33:03,GLLQPSPPR,GLLQPSPPR,GLLQPSPPR,Var2406200007,0.189856,1.523,0.296817,3.314,2014.82,WB,inside,-,-,RLLQPSPPR,-,-,-,821.21,0.41
16,HLA-A*33:03,NVKEKEEKK,NVKEKEEKK,NVKEKEEKK,Var2406200009,0.168208,1.678,0.20291,5.901,5565.47,WB,inside,-,-,KVKEKEEKK,-,-,-,17289.97,3.11
27,HLA-A*33:03,NTRSYKRNSKR,NTYKRNSKR,NTRSYKRNSKR,Var2406200012,0.409556,0.571,0.494151,0.883,238.22,WB,outside,-,-,-,N,N,N,-,-
29,HLA-A*33:03,RSYKRNSKR,RSYKRNSKR,RSYKRNSKR,Var2406200012,0.363155,0.705,0.471235,1.065,305.25,WB,outside,-,-,-,N,N,N,-,-
28,HLA-A*33:03,TRSYKRNSKR,TSYKRNSKR,TRSYKRNSKR,Var2406200012,0.208488,1.396,0.4011,1.754,651.95,WB,outside,-,-,-,N,N,N,-,-
11,HLA-A*33:03,LSVECPGSR,LSVECPGSR,LSVECPGSR,Var2406200013,0.143305,1.932,0.424382,1.485,506.77,WB,inside,-,-,LSVECLGSR,-,-,-,248.25,0.49
12,HLA-A*33:03,EVVRHCPHHER,EVVRPHHER,EVVRHCPHHER,Var2406200014,0.633817,0.183,0.586224,0.403,87.97,SB,inside,-,-,EVVRRCPHHER,-,-,-,83.28,0.95
13,HLA-A*33:03,VVRHCPHHER,VVRHPHHER,VVRHCPHHER,Var2406200014,0.511995,0.35,0.595758,0.369,79.35,SB,inside,-,-,VVRRCPHHER,-,-,-,128.25,1.62
15,HLA-A*33:03,DWPAPFFER,DWPAPFFER,DWPAPFFER,Var2406200017,0.540435,0.301,0.521765,0.693,176.69,SB,inside,-,-,DRPAPFFER,-,-,-,1784.7,10.1
14,HLA-A*33:03,IDWPAPFFER,IWPAPFFER,IDWPAPFFER,Var2406200017,0.15174,1.844,0.388119,1.912,750.26,WB,inside,-,-,IDRPAPFFER,-,-,-,2341.78,3.12
13,HLA-A*33:03,LIDWPAPFFER,LIPAPFFER,LIDWPAPFFER,Var2406200017,0.143266,1.932,0.380652,2.007,813.39,WB,inside,-,-,LIDRPAPFFER,-,-,-,982.82,1.21
8,HLA-A*33:03,ECSGAISVR,ECSGAISVR,ECSGAISVR,Var2406200019,0.355626,0.729,0.423982,1.489,508.97,WB,inside,-,-,ECSGAISVH,-,-,-,23453.7,46.08
12,HLA-B*52:01,FSYFLEMEV,FSYFLEMEV,FSYFLEMEV,Var2406200002,0.175107,0.716,0.32119,0.156,1547.78,WB,outside,-,-,FSYFPEMEV,-,-,-,2064.29,1.33
10,HLA-B*52:01,EKFSYFLEM,EKFSYFLEM,EKFSYFLEM,Var2406200002,0.16099,0.828,0.179319,2.054,7183.82,WB,outside,-,-,EKFSYFPEM,-,-,-,9202.39,1.28
6,HLA-B*52:01,FSYFLEMEV,FSYFLEMEV,FSYFLEMEV,Var2406200003,0.175107,0.716,0.32119,0.156,1547.78,WB,inside,-,-,FSYFPEMEV,-,-,-,2064.29,1.33
4,HLA-B*52:01,EKFSYFLEM,EKFSYFLEM,EKFSYFLEM,Var2406200003,0.16099,0.828,0.179319,2.054,7183.82,WB,inside,-,-,EKFSYFPEM,-,-,-,9202.39,1.28
10,HLA-B*52:01,VQWHDLGLL,VQWHDLGLL,VQWHDLGLL,Var2406200007,0.156735,0.864,0.250526,0.555,3324.73,WB,inside,-,-,VQWHDLRLL,-,-,-,2060.56,0.62
10,HLA-B*52:01,VQWHDLGL,VQW-HDLGL,VQWHDLGL,Var2406200007,0.117432,1.388,0.178333,2.097,7260.87,WB,inside,-,-,VQWHDLRL,-,-,-,4657.49,0.64
13,HLA-B*52:01,DVGKSALTI,DVGKSALTI,DVGKSALTI,Var2406200010,0.099487,1.719,0.121419,6.476,13440.82,WB,inside,-,-,GVGKSALTI,-,-,-,15943.89,1.19
7,HLA-B*52:01,LQFPPEGWLPL,LQFPPELPL,LQFPPEGWLPL,Var2406200011,0.108956,1.539,0.303783,0.204,1868.54,WB,inside,-,-,LQFPPEGWLRL,-,-,-,2343.3,1.25
10,HLA-B*52:01,RSMTVVLYL,RSMTVVLYL,RSMTVVLYL,Var2406200015,0.20015,0.564,0.29057,0.247,2155.71,WB,inside,-,-,RSMTVVPYL,-,-,-,2110.82,0.98
12,HLA-C*03:02,FSYFLEMEV,FSYFLEMEV,FSYFLEMEV,Var2406200002,0.197002,1.07,0.689439,0.176,28.79,WB,outside,-,-,FSYFPEMEV,-,-,-,19.79,0.69
6,HLA-C*03:02,FSYFLEMEV,FSYFLEMEV,FSYFLEMEV,Var2406200003,0.197002,1.07,0.689439,0.176,28.79,WB,inside,-,-,FSYFPEMEV,-,-,-,19.79,0.69
9,HLA-C*03:02,FPPEGWLPL,FPPEGWLPL,FPPEGWLPL,Var2406200011,0.101704,1.919,0.415245,1.575,559.43,WB,inside,-,-,FPPEGWLRL,-,-,-,2415.28,4.32
23,HLA-C*03:02,SGAENTRSY,SGAENTRSY,SGAENTRSY,Var2406200012,0.737539,0.102,0.605434,0.385,71.46,SB,outside,-,-,-,N,N,N,-,-
22,HLA-C*03:02,ISGAENTRSY,ISAENTRSY,ISGAENTRSY,Var2406200012,0.378109,0.514,0.51379,0.788,192.61,WB,outside,-,-,-,N,N,N,-,-
24,HLA-C*03:02,GAENTRSY,GA-ENTRSY,GAENTRSY,Var2406200012,0.210264,0.998,0.261269,4.563,2959.89,WB,outside,-,-,-,N,N,N,-,-
10,HLA-C*03:02,RSMTVVLYL,RSMTVVLYL,RSMTVVLYL,Var2406200015,0.25338,0.831,0.568419,0.539,106.66,WB,inside,-,-,RSMTVVPYL,-,-,-,120.4,1.13
10,HLA-C*03:02,RSMTVVLY,RSM-TVVLY,RSMTVVLY,Var2406200015,0.162487,1.292,0.358602,2.336,1032.55,WB,inside,-,-,RSMTVVPY,-,-,-,251.66,0.24
12,HLA-C*03:02,ALIDWPAPF,ALIDWPAPF,ALIDWPAPF,Var2406200017,0.317723,0.65,0.6087,0.375,68.98,WB,inside,-,-,ALIDRPAPF,-,-,-,126.79,1.84
11,HLA-C*03:02,SALIDWPAPF,SAIDWPAPF,SALIDWPAPF,Var2406200017,0.24515,0.859,0.671677,0.209,34.9,WB,inside,-,-,SALIDRPAPF,-,-,-,85.12,2.44
13,HLA-C*03:02,LIDWPAPFF,LIDWPAPFF,LIDWPAPFF,Var2406200017,0.195468,1.079,0.367362,2.205,939.18,WB,inside,-,-,LIDRPAPFF,-,-,-,1467.52,1.56
12,HLA-C*03:02,FATRDNGFLL,FARDNGFLL,FATRDNGFLL,Var2406200020,0.19618,1.075,0.558638,0.58,118.56,WB,inside,-,-,FATRENGFLL,-,-,-,146.24,1.23
13,HLA-C*03:02,ATRDNGFLL,ATRDNGFLL,ATRDNGFLL,Var2406200020,0.167713,1.257,0.347897,2.497,1159.34,WB,inside,-,-,ATRENGFLL,-,-,-,1148.13,0.99
12,HLA-C*03:02,FATRDNGFL,FATRDNGFL,FATRDNGFL,Var2406200020,0.130332,1.574,0.553876,0.6,124.83,WB,inside,-,-,FATRENGFL,-,-,-,136.73,1.1
10,HLA-C*07:02,EKFSYFLEM,EKFSYFLEM,EKFSYFLEM,Var2406200002,0.068797,0.742,0.321662,0.695,1539.89,WB,outside,-,-,EKFSYFPEM,-,-,-,3046.34,1.98
4,HLA-C*07:02,EKFSYFLEM,EKFSYFLEM,EKFSYFLEM,Var2406200003,0.068797,0.742,0.321662,0.695,1539.89,WB,inside,-,-,EKFSYFPEM,-,-,-,3046.34,1.98
23,HLA-C*07:02,SGAENTRSY,SGAENTRSY,SGAENTRSY,Var2406200012,0.066508,0.763,0.253521,1.457,3218.72,WB,outside,-,-,-,N,N,N,-,-
9,HLA-C*07:02,WRSMTVVLY,WRSMTVVLY,WRSMTVVLY,Var2406200015,0.322754,0.151,0.527799,0.083,165.52,SB,inside,-,-,WRSMTVVPY,-,-,-,120.17,0.73
8,HLA-C*07:02,RWRSMTVVL,RWRSMTVVL,RWRSMTVVL,Var2406200015,0.049334,0.984,0.368218,0.439,930.52,WB,inside,-,-,RWRSMTVVP,-,-,-,23151.65,24.88
9,HLA-C*07:02,WRSMTVVL,WRS-MTVVL,WRSMTVVL,Var2406200015,0.033339,1.339,0.341487,0.559,1242.6,WB,inside,-,-,RWRSMTVV,-,-,-,18203.38,14.65
10,HLA-C*07:02,RSMTVVLYL,RSMTVVLYL,RSMTVVLYL,Var2406200015,0.032579,1.362,0.293632,0.934,2085.46,WB,inside,-,-,RSMTVVPYL,-,-,-,1162.61,0.56
8,HLA-C*07:02,RWRSMTVVLY,RRSMTVVLY,RWRSMTVVLY,Var2406200015,0.027603,1.536,0.336505,0.584,1311.42,WB,inside,-,-,RWRSMTVVPY,-,-,-,1522.61,1.16
12,HLA-C*07:02,ALIDWPAPF,ALIDWPAPF,ALIDWPAPF,Var2406200017,0.030429,1.432,0.301443,0.855,1916.45,WB,inside,-,-,ALIDRPAPF,-,-,-,1852.32,0.97
14,HLA-C*07:02,TRDNGFLLQY,TRDNGFLQY,TRDNGFLLQY,Var2406200020,0.206362,0.262,0.342365,0.555,1230.86,SB,inside,-,-,TRENGFLLQY,-,-,-,1344.28,1.09
14,HLA-C*07:02,TRDNGFLL,TRD-NGFLL,TRDNGFLL,Var2406200020,0.030952,1.414,0.22099,2.139,4576.62,WB,inside,-,-,TRENGFLL,-,-,-,6004.4,1.31
14,HLA-C*07:02,TRDNGFLLQYL,TRDNGFQYL,TRDNGFLLQYL,Var2406200020,0.024834,1.651,0.190651,3.058,6354.87,WB,inside,-,-,TRENGFLLQYL,-,-,-,8632.46,1.36
