Gene_name,Transcript_id,HGVS_p,MHC,Peptide,Core,Icore,Score_EL,%Rank_EL,Score_BA,%Rank_BA,Aff(nM),BindLevel,TransMemb,InCutmerRate,InCutmerRegion,Wildtype_peptide,HomoExsit,Homo_id,Homo_peptide,Aff(nM)_competitor,Aff(nM)_competitor/Aff(nM)
TMEM185B,NM_024121.3,p.Ala62Val,HLA-A*11:01,ASVGVGVWAR,ASVGGVWAR,ASVGVGVWAR,0.269158,0.863,0.528877,0.827,163.6,WB,signal,-,-,ASVGAGVWAR,-,-,-,176.8,1.08
TMEM185B,NM_024121.3,p.Ala62Val,HLA-A*11:01,SVGVGVWAR,SVGVGVWAR,SVGVGVWAR,0.260018,0.885,0.456661,1.356,357.38,WB,signal,-,-,SVGAGVWAR,-,-,-,162.86,0.46
ANKRD18A,NM_001331100.2,p.Arg302Gly,HLA-A*11:01,GLLQPSPPR,GLLQPSPPR,GLLQPSPPR,0.360209,0.627,0.440308,1.494,426.56,WB,inside,-,-,RLLQPSPPR,-,-,-,110.35,0.26
ANKRD18A,NM_001331100.2,p.Arg302Gly,HLA-A*11:01,GLLQPSPPRFK,GLLSPPRFK,GLLQPSPPRFK,0.328326,0.703,0.458269,1.342,351.22,WB,inside,-,-,RLLQPSPPRFK,-,-,-,135.48,0.39
NFRKB,NM_006165.3,p.Lys336Asn,HLA-A*11:01,AVLKKNVKEK,AVLKKNVEK,AVLKKNVKEK,0.581817,0.278,0.579622,0.543,94.48,SB,inside,-,-,AVLKKKVKEK,-,-,-,404.58,4.28
KRAS,NM_001369786.1,p.Gly13Asp,HLA-A*11:01,VVVGAGDVGK,VVVGAGVGK,VVVGAGDVGK,0.304568,0.772,0.504478,0.977,213.03,WB,inside,-,-,VVVGAGGVGK,-,-,-,153.55,0.72
KRAS,NM_001369786.1,p.Gly13Asp,HLA-A*11:01,VVGAGDVGK,VVGAGDVGK,VVGAGDVGK,0.301682,0.78,0.468629,1.25,313.98,WB,inside,-,-,VVGAGGVGK,-,-,-,83.45,0.27
DUOX2,NM_001363711.2,p.Leu615fs,HLA-A*11:01,RSYKRNSKR,RSYKRNSKR,RSYKRNSKR,0.312361,0.749,0.429557,1.599,479.18,WB,outside,-,-,-,N,N,N,-,-
DUOX2,NM_001363711.2,p.Leu615fs,HLA-A*11:01,GAENTRSYK,GAENTRSYK,GAENTRSYK,0.178735,1.194,0.422864,1.672,515.16,WB,outside,-,-,-,N,N,N,-,-
DUOX2,NM_001363711.2,p.Leu615fs,HLA-A*11:01,SGAENTRSYK,SGAENTSYK,SGAENTRSYK,0.129727,1.514,0.446214,1.446,400.15,WB,outside,-,-,-,N,N,N,-,-
DOK4,NM_001330556.2,p.Leu112Pro,HLA-A*11:01,KTLSVECPGSR,KTLSVPGSR,KTLSVECPGSR,0.150083,1.373,0.38189,2.092,802.57,WB,inside,-,-,KTLSVECLGSR,-,-,-,709.69,0.88
PLEKHM1,NM_014798.3,p.Glu807Asp,HLA-A*11:01,ATRDNGFLLQY,ATNGFLLQY,ATRDNGFLLQY,0.282,0.832,0.456832,1.355,356.72,WB,inside,-,-,ATRENGFLLQY,-,-,-,371.45,1.04
TMEM185B,NM_024121.3,p.Ala62Val,HLA-A*33:03,SVGVGVWAR,SVGVGVWAR,SVGVGVWAR,0.668848,0.147,0.623074,0.275,59.04,SB,signal,-,-,SVGAGVWAR,-,-,-,40.19,0.68
TMEM185B,NM_024121.3,p.Ala62Val,HLA-A*33:03,ASVGVGVWAR,ASVGVVWAR,ASVGVGVWAR,0.401565,0.59,0.559586,0.515,117.35,WB,signal,-,-,ASVGAGVWAR,-,-,-,214.56,1.83
TMEM185B,NM_024121.3,p.Ala62Val,HLA-A*33:03,VGVWARNPR,VGVWARNPR,VGVWARNPR,0.198979,1.46,0.552658,0.545,126.49,WB,signal,-,-,GVWARNPRY,-,-,-,13092.18,103.5
PLXNB1,NM_001130082.3,p.Pro1049Leu,HLA-A*33:03,CVWCEGERLR,CVWEGERLR,CVWCEGERLR,0.180668,1.587,0.495607,0.871,234.49,WB,inside,-,-,CVWCEGERPR,-,-,-,138.3,0.59
CDHR2,NM_001171976.1,p.Ser169Asn,HLA-A*33:03,NTGDSEHLFR,NTGDSHLFR,NTGDSEHLFR,0.417614,0.552,0.551288,0.55,128.38,WB,inside,-,-,STGDSEHLFR,-,-,-,322.46,2.51
ANKRD18A,NM_001331100.2,p.Arg302Gly,HLA-A*33:03,DLGLLQPSPPR,DLLQPSPPR,DLGLLQPSPPR,0.23037,1.275,0.318988,2.911,1585.09,WB,inside,-,-,DLRLLQPSPPR,-,-,-,474.83,0.3
ANKRD18A,NM_001331100.2,p.Arg302Gly,HLA-A*33:03,GLLQPSPPR,GLLQPSPPR,GLLQPSPPR,0.189856,1.523,0.296817,3.314,2014.82,WB,inside,-,-,RLLQPSPPR,-,-,-,821.21,0.41
NFRKB,NM_006165.3,p.Lys336Asn,HLA-A*33:03,NVKEKEEKK,NVKEKEEKK,NVKEKEEKK,0.168208,1.678,0.20291,5.901,5565.47,WB,inside,-,-,KVKEKEEKK,-,-,-,17289.97,3.11
DUOX2,NM_001363711.2,p.Leu615fs,HLA-A*33:03,NTRSYKRNSKR,NTYKRNSKR,NTRSYKRNSKR,0.409556,0.571,0.494151,0.883,238.22,WB,outside,-,-,-,N,N,N,-,-
DUOX2,NM_001363711.2,p.Leu615fs,HLA-A*33:03,RSYKRNSKR,RSYKRNSKR,RSYKRNSKR,0.363155,0.705,0.471235,1.065,305.25,WB,outside,-,-,-,N,N,N,-,-
DUOX2,NM_001363711.2,p.Leu615fs,HLA-A*33:03,TRSYKRNSKR,TSYKRNSKR,TRSYKRNSKR,0.208488,1.396,0.4011,1.754,651.95,WB,outside,-,-,-,N,N,N,-,-
DOK4,NM_001330556.2,p.Leu112Pro,HLA-A*33:03,LSVECPGSR,LSVECPGSR,LSVECPGSR,0.143305,1.932,0.424382,1.485,506.77,WB,inside,-,-,LSVECLGSR,-,-,-,248.25,0.49
TP53,NM_000546.5,p.Arg175His,HLA-A*33:03,EVVRHCPHHER,EVVRPHHER,EVVRHCPHHER,0.633817,0.183,0.586224,0.403,87.97,SB,inside,-,-,EVVRRCPHHER,-,-,-,83.28,0.95
TP53,NM_000546.5,p.Arg175His,HLA-A*33:03,VVRHCPHHER,VVRHPHHER,VVRHCPHHER,0.511995,0.35,0.595758,0.369,79.35,SB,inside,-,-,VVRRCPHHER,-,-,-,128.25,1.62
EPB41L1,NM_012156.2,p.Arg412Trp,HLA-A*33:03,DWPAPFFER,DWPAPFFER,DWPAPFFER,0.540435,0.301,0.521765,0.693,176.69,SB,inside,-,-,DRPAPFFER,-,-,-,1784.7,10.1
EPB41L1,NM_012156.2,p.Arg412Trp,HLA-A*33:03,IDWPAPFFER,IWPAPFFER,IDWPAPFFER,0.15174,1.844,0.388119,1.912,750.26,WB,inside,-,-,IDRPAPFFER,-,-,-,2341.78,3.12
EPB41L1,NM_012156.2,p.Arg412Trp,HLA-A*33:03,LIDWPAPFFER,LIPAPFFER,LIDWPAPFFER,0.143266,1.932,0.380652,2.007,813.39,WB,inside,-,-,LIDRPAPFFER,-,-,-,982.82,1.21
FAM3A,NM_001282311.2,p.His34Arg,HLA-A*33:03,ECSGAISVR,ECSGAISVR,ECSGAISVR,0.355626,0.729,0.423982,1.489,508.97,WB,inside,-,-,ECSGAISVH,-,-,-,23453.7,46.08
ACVR2A,NM_001278579.2,p.Pro118Leu,HLA-B*52:01,FSYFLEMEV,FSYFLEMEV,FSYFLEMEV,0.175107,0.716,0.32119,0.156,1547.78,WB,outside,-,-,FSYFPEMEV,-,-,-,2064.29,1.33
ACVR2A,NM_001278579.2,p.Pro118Leu,HLA-B*52:01,EKFSYFLEM,EKFSYFLEM,EKFSYFLEM,0.16099,0.828,0.179319,2.054,7183.82,WB,outside,-,-,EKFSYFPEM,-,-,-,9202.39,1.28
ACVR2A,NM_001278580.1,p.Pro10Leu,HLA-B*52:01,FSYFLEMEV,FSYFLEMEV,FSYFLEMEV,0.175107,0.716,0.32119,0.156,1547.78,WB,inside,-,-,FSYFPEMEV,-,-,-,2064.29,1.33
ACVR2A,NM_001278580.1,p.Pro10Leu,HLA-B*52:01,EKFSYFLEM,EKFSYFLEM,EKFSYFLEM,0.16099,0.828,0.179319,2.054,7183.82,WB,inside,-,-,EKFSYFPEM,-,-,-,9202.39,1.28
ANKRD18A,NM_001331100.2,p.Arg302Gly,HLA-B*52:01,VQWHDLGLL,VQWHDLGLL,VQWHDLGLL,0.156735,0.864,0.250526,0.555,3324.73,WB,inside,-,-,VQWHDLRLL,-,-,-,2060.56,0.62
ANKRD18A,NM_001331100.2,p.Arg302Gly,HLA-B*52:01,VQWHDLGL,VQW-HDLGL,VQWHDLGL,0.117432,1.388,0.178333,2.097,7260.87,WB,inside,-,-,VQWHDLRL,-,-,-,4657.49,0.64
KRAS,NM_001369786.1,p.Gly13Asp,HLA-B*52:01,DVGKSALTI,DVGKSALTI,DVGKSALTI,0.099487,1.719,0.121419,6.476,13440.82,WB,inside,-,-,GVGKSALTI,-,-,-,15943.89,1.19
PGAM5,NM_001170543.2,p.Arg251Pro,HLA-B*52:01,LQFPPEGWLPL,LQFPPELPL,LQFPPEGWLPL,0.108956,1.539,0.303783,0.204,1868.54,WB,inside,-,-,LQFPPEGWLRL,-,-,-,2343.3,1.25
STK11,NM_000455.5,p.Pro339Leu,HLA-B*52:01,RSMTVVLYL,RSMTVVLYL,RSMTVVLYL,0.20015,0.564,0.29057,0.247,2155.71,WB,inside,-,-,RSMTVVPYL,-,-,-,2110.82,0.98
ACVR2A,NM_001278579.2,p.Pro118Leu,HLA-C*03:02,FSYFLEMEV,FSYFLEMEV,FSYFLEMEV,0.197002,1.07,0.689439,0.176,28.79,WB,outside,-,-,FSYFPEMEV,-,-,-,19.79,0.69
ACVR2A,NM_001278580.1,p.Pro10Leu,HLA-C*03:02,FSYFLEMEV,FSYFLEMEV,FSYFLEMEV,0.197002,1.07,0.689439,0.176,28.79,WB,inside,-,-,FSYFPEMEV,-,-,-,19.79,0.69
PGAM5,NM_001170543.2,p.Arg251Pro,HLA-C*03:02,FPPEGWLPL,FPPEGWLPL,FPPEGWLPL,0.101704,1.919,0.415245,1.575,559.43,WB,inside,-,-,FPPEGWLRL,-,-,-,2415.28,4.32
DUOX2,NM_001363711.2,p.Leu615fs,HLA-C*03:02,SGAENTRSY,SGAENTRSY,SGAENTRSY,0.737539,0.102,0.605434,0.385,71.46,SB,outside,-,-,-,N,N,N,-,-
DUOX2,NM_001363711.2,p.Leu615fs,HLA-C*03:02,ISGAENTRSY,ISAENTRSY,ISGAENTRSY,0.378109,0.514,0.51379,0.788,192.61,WB,outside,-,-,-,N,N,N,-,-
DUOX2,NM_001363711.2,p.Leu615fs,HLA-C*03:02,GAENTRSY,GA-ENTRSY,GAENTRSY,0.210264,0.998,0.261269,4.563,2959.89,WB,outside,-,-,-,N,N,N,-,-
STK11,NM_000455.5,p.Pro339Leu,HLA-C*03:02,RSMTVVLYL,RSMTVVLYL,RSMTVVLYL,0.25338,0.831,0.568419,0.539,106.66,WB,inside,-,-,RSMTVVPYL,-,-,-,120.4,1.13
STK11,NM_000455.5,p.Pro339Leu,HLA-C*03:02,RSMTVVLY,RSM-TVVLY,RSMTVVLY,0.162487,1.292,0.358602,2.336,1032.55,WB,inside,-,-,RSMTVVPY,-,-,-,251.66,0.24
EPB41L1,NM_012156.2,p.Arg412Trp,HLA-C*03:02,ALIDWPAPF,ALIDWPAPF,ALIDWPAPF,0.317723,0.65,0.6087,0.375,68.98,WB,inside,-,-,ALIDRPAPF,-,-,-,126.79,1.84
EPB41L1,NM_012156.2,p.Arg412Trp,HLA-C*03:02,SALIDWPAPF,SAIDWPAPF,SALIDWPAPF,0.24515,0.859,0.671677,0.209,34.9,WB,inside,-,-,SALIDRPAPF,-,-,-,85.12,2.44
EPB41L1,NM_012156.2,p.Arg412Trp,HLA-C*03:02,LIDWPAPFF,LIDWPAPFF,LIDWPAPFF,0.195468,1.079,0.367362,2.205,939.18,WB,inside,-,-,LIDRPAPFF,-,-,-,1467.52,1.56
PLEKHM1,NM_014798.3,p.Glu807Asp,HLA-C*03:02,FATRDNGFLL,FARDNGFLL,FATRDNGFLL,0.19618,1.075,0.558638,0.58,118.56,WB,inside,-,-,FATRENGFLL,-,-,-,146.24,1.23
PLEKHM1,NM_014798.3,p.Glu807Asp,HLA-C*03:02,ATRDNGFLL,ATRDNGFLL,ATRDNGFLL,0.167713,1.257,0.347897,2.497,1159.34,WB,inside,-,-,ATRENGFLL,-,-,-,1148.13,0.99
PLEKHM1,NM_014798.3,p.Glu807Asp,HLA-C*03:02,FATRDNGFL,FATRDNGFL,FATRDNGFL,0.130332,1.574,0.553876,0.6,124.83,WB,inside,-,-,FATRENGFL,-,-,-,136.73,1.1
ACVR2A,NM_001278579.2,p.Pro118Leu,HLA-C*07:02,EKFSYFLEM,EKFSYFLEM,EKFSYFLEM,0.068797,0.742,0.321662,0.695,1539.89,WB,outside,-,-,EKFSYFPEM,-,-,-,3046.34,1.98
ACVR2A,NM_001278580.1,p.Pro10Leu,HLA-C*07:02,EKFSYFLEM,EKFSYFLEM,EKFSYFLEM,0.068797,0.742,0.321662,0.695,1539.89,WB,inside,-,-,EKFSYFPEM,-,-,-,3046.34,1.98
DUOX2,NM_001363711.2,p.Leu615fs,HLA-C*07:02,SGAENTRSY,SGAENTRSY,SGAENTRSY,0.066508,0.763,0.253521,1.457,3218.72,WB,outside,-,-,-,N,N,N,-,-
STK11,NM_000455.5,p.Pro339Leu,HLA-C*07:02,WRSMTVVLY,WRSMTVVLY,WRSMTVVLY,0.322754,0.151,0.527799,0.083,165.52,SB,inside,-,-,WRSMTVVPY,-,-,-,120.17,0.73
STK11,NM_000455.5,p.Pro339Leu,HLA-C*07:02,RWRSMTVVL,RWRSMTVVL,RWRSMTVVL,0.049334,0.984,0.368218,0.439,930.52,WB,inside,-,-,RWRSMTVVP,-,-,-,23151.65,24.88
STK11,NM_000455.5,p.Pro339Leu,HLA-C*07:02,WRSMTVVL,WRS-MTVVL,WRSMTVVL,0.033339,1.339,0.341487,0.559,1242.6,WB,inside,-,-,RWRSMTVV,-,-,-,18203.38,14.65
STK11,NM_000455.5,p.Pro339Leu,HLA-C*07:02,RSMTVVLYL,RSMTVVLYL,RSMTVVLYL,0.032579,1.362,0.293632,0.934,2085.46,WB,inside,-,-,RSMTVVPYL,-,-,-,1162.61,0.56
STK11,NM_000455.5,p.Pro339Leu,HLA-C*07:02,RWRSMTVVLY,RRSMTVVLY,RWRSMTVVLY,0.027603,1.536,0.336505,0.584,1311.42,WB,inside,-,-,RWRSMTVVPY,-,-,-,1522.61,1.16
EPB41L1,NM_012156.2,p.Arg412Trp,HLA-C*07:02,ALIDWPAPF,ALIDWPAPF,ALIDWPAPF,0.030429,1.432,0.301443,0.855,1916.45,WB,inside,-,-,ALIDRPAPF,-,-,-,1852.32,0.97
PLEKHM1,NM_014798.3,p.Glu807Asp,HLA-C*07:02,TRDNGFLLQY,TRDNGFLQY,TRDNGFLLQY,0.206362,0.262,0.342365,0.555,1230.86,SB,inside,-,-,TRENGFLLQY,-,-,-,1344.28,1.09
PLEKHM1,NM_014798.3,p.Glu807Asp,HLA-C*07:02,TRDNGFLL,TRD-NGFLL,TRDNGFLL,0.030952,1.414,0.22099,2.139,4576.62,WB,inside,-,-,TRENGFLL,-,-,-,6004.4,1.31
PLEKHM1,NM_014798.3,p.Glu807Asp,HLA-C*07:02,TRDNGFLLQYL,TRDNGFQYL,TRDNGFLLQYL,0.024834,1.651,0.190651,3.058,6354.87,WB,inside,-,-,TRENGFLLQYL,-,-,-,8632.46,1.36
