Pos,MHC,Peptide,Core,Of,Gp,Gl,Ip,Il,Icore,Identity,Score_EL,%Rank_EL,Score_BA,%Rank_BA,Aff(nM),BindLevel
2,HLA-A*11:01,SVGTGVWAR,SVGTGVWAR,0,0,0,0,0,SVGTGVWAR,Ref2406220001_1,0.4444120,0.462,0.510684,0.934,199.20,SB
1,HLA-A*11:01,ASVGTGVWAR,ASVGGVWAR,0,4,1,0,0,ASVGTGVWAR,Ref2406220001_1,0.2552280,0.897,0.524292,0.852,171.92,WB
1,HLA-A*11:01,GVWARNPRY,GVWARNPRY,0,0,0,0,0,GVWARNPRY,Ref2406220001_1,0.1733380,1.227,0.349930,2.482,1134.12,WB
1,HLA-A*11:01,GVWARNPRY,GVWARNPRY,0,0,0,0,0,GVWARNPRY,Ref2406220001_1,0.1733380,1.227,0.349930,2.482,1134.12,WB
1,HLA-A*11:01,GVWARNPRYR,GVWANPRYR,0,4,1,0,0,GVWARNPRYR,Ref2406220001_1,0.0995220,1.803,0.431203,1.583,470.72,WB
2,HLA-A*11:01,QPTSNPVTPK,QTSNPVTPK,0,1,1,0,0,QPTSNPVTPK,Ref2406220002_2,0.7649870,0.121,0.680151,0.193,31.84,SB
1,HLA-A*11:01,TQPTSNPVTPK,TTSNPVTPK,0,1,2,0,0,TQPTSNPVTPK,Ref2406220002_2,0.7499810,0.131,0.650168,0.274,44.04,SB
3,HLA-A*11:01,PTSNPVTPK,PTSNPVTPK,0,0,0,0,0,PTSNPVTPK,Ref2406220002_2,0.5593140,0.300,0.572049,0.581,102.55,SB
4,HLA-A*11:01,TSNPVTPK,TSN-PVTPK,0,0,0,3,1,TSNPVTPK,Ref2406220002_2,0.2482110,0.919,0.416562,1.734,551.52,WB
1,HLA-A*11:01,QPTSNPVTPK,QTSNPVTPK,0,1,1,0,0,QPTSNPVTPK,Ref2406220002_2,0.7649870,0.121,0.680151,0.193,31.84,SB
2,HLA-A*11:01,PTSNPVTPK,PTSNPVTPK,0,0,0,0,0,PTSNPVTPK,Ref2406220002_2,0.5593140,0.300,0.572049,0.581,102.55,SB
3,HLA-A*11:01,TSNPVTPK,TSN-PVTPK,0,0,0,3,1,TSNPVTPK,Ref2406220002_2,0.2482110,0.919,0.416562,1.734,551.52,WB
1,HLA-A*11:01,PTSNPVTPK,PTSNPVTPK,0,0,0,0,0,PTSNPVTPK,Ref2406220002_2,0.5593140,0.300,0.572049,0.581,102.55,SB
2,HLA-A*11:01,TSNPVTPK,TSN-PVTPK,0,0,0,3,1,TSNPVTPK,Ref2406220002_2,0.2482110,0.919,0.416562,1.734,551.52,WB
2,HLA-A*11:01,QPTSNPVTPK,QTSNPVTPK,0,1,1,0,0,QPTSNPVTPK,Ref2406220003_1,0.7649870,0.121,0.680151,0.193,31.84,SB
1,HLA-A*11:01,TQPTSNPVTPK,TTSNPVTPK,0,1,2,0,0,TQPTSNPVTPK,Ref2406220003_1,0.7499810,0.131,0.650168,0.274,44.04,SB
3,HLA-A*11:01,PTSNPVTPK,PTSNPVTPK,0,0,0,0,0,PTSNPVTPK,Ref2406220003_1,0.5593140,0.300,0.572049,0.581,102.55,SB
4,HLA-A*11:01,TSNPVTPK,TSN-PVTPK,0,0,0,3,1,TSNPVTPK,Ref2406220003_1,0.2482110,0.919,0.416562,1.734,551.52,WB
1,HLA-A*11:01,QPTSNPVTPK,QTSNPVTPK,0,1,1,0,0,QPTSNPVTPK,Ref2406220003_1,0.7649870,0.121,0.680151,0.193,31.84,SB
2,HLA-A*11:01,PTSNPVTPK,PTSNPVTPK,0,0,0,0,0,PTSNPVTPK,Ref2406220003_1,0.5593140,0.300,0.572049,0.581,102.55,SB
3,HLA-A*11:01,TSNPVTPK,TSN-PVTPK,0,0,0,3,1,TSNPVTPK,Ref2406220003_1,0.2482110,0.919,0.416562,1.734,551.52,WB
1,HLA-A*11:01,PTSNPVTPK,PTSNPVTPK,0,0,0,0,0,PTSNPVTPK,Ref2406220003_1,0.5593140,0.300,0.572049,0.581,102.55,SB
2,HLA-A*11:01,TSNPVTPK,TSN-PVTPK,0,0,0,3,1,TSNPVTPK,Ref2406220003_1,0.2482110,0.919,0.416562,1.734,551.52,WB
2,HLA-A*11:01,VSSVPAENK,VSSVPAENK,0,0,0,0,0,VSSVPAENK,Ref2406220005_2,0.5759400,0.284,0.569502,0.594,105.41,SB
1,HLA-A*11:01,MVSSVPAENK,MVSSVPANK,0,7,1,0,0,MVSSVPAENK,Ref2406220005_2,0.5185760,0.353,0.681815,0.190,31.27,SB
1,HLA-A*11:01,STGDSEHLFR,STGDSHLFR,0,5,1,0,0,STGDSEHLFR,Ref2406220006_1,0.4572590,0.441,0.581812,0.532,92.27,SB
2,HLA-A*11:01,GMVVYSIEK,GMVVYSIEK,0,0,0,0,0,GMVVYSIEK,Ref2406220006_3,0.2784730,0.840,0.612765,0.388,66.01,WB
1,HLA-A*11:01,AGMVVYSIEK,AGMVVSIEK,0,5,1,0,0,AGMVVYSIEK,Ref2406220006_3,0.1066260,1.725,0.584077,0.521,90.03,WB
1,HLA-A*11:01,GMVVYSIEK,GMVVYSIEK,0,0,0,0,0,GMVVYSIEK,Ref2406220006_4,0.2784730,0.840,0.612765,0.388,66.01,WB
3,HLA-A*11:01,GSLQPSPPR,GSLQPSPPR,0,0,0,0,0,GSLQPSPPR,Ref2406220007_1,0.7878700,0.105,0.620284,0.364,60.85,SB
2,HLA-A*11:01,SLQPPPPRYK,SLQPPPPYK,0,7,1,0,0,SLQPPPPRYK,Ref2406220007_1,0.8862330,0.040,0.657951,0.254,40.48,SB
1,HLA-A*11:01,GSLQPPPPRYK,GSLPPPRYK,0,3,2,0,0,GSLQPPPPRYK,Ref2406220007_1,0.8129860,0.083,0.547963,0.714,133.08,SB
1,HLA-A*11:01,GSLQPPPPR,GSLQPPPPR,0,0,0,0,0,GSLQPPPPR,Ref2406220007_1,0.8065620,0.087,0.577575,0.553,96.60,SB
3,HLA-A*11:01,LQPPPPRYK,LQPPPPRYK,0,0,0,0,0,LQPPPPRYK,Ref2406220007_1,0.4763210,0.410,0.339125,2.636,1274.77,SB
2,HLA-A*11:01,SLQPPPPRY,SLQPPPPRY,0,0,0,0,0,SLQPPPPRY,Ref2406220007_1,0.4091100,0.525,0.277750,3.669,2476.46,WB
1,HLA-A*11:01,GSLQPPPPRY,GSLPPPPRY,0,3,1,0,0,GSLQPPPPRY,Ref2406220007_1,0.1306020,1.506,0.259673,4.070,3011.44,WB
1,HLA-A*11:01,LLQPSPPRFK,LLQPSPPFK,0,7,1,0,0,LLQPSPPRFK,Ref2406220007_1,0.4482520,0.456,0.587937,0.501,86.35,SB
2,HLA-A*11:01,LQPSPPRFK,LQPSPPRFK,0,0,0,0,0,LQPSPPRFK,Ref2406220007_1,0.3168410,0.737,0.359904,2.360,1018.10,WB
1,HLA-A*11:01,NTYLTGHQLK,NTYTGHQLK,0,3,1,0,0,NTYLTGHQLK,Ref2406220009_4,0.6311370,0.222,0.678869,0.196,32.28,SB
3,HLA-A*11:01,ALYDLAVLK,ALYDLAVLK,0,0,0,0,0,ALYDLAVLK,Ref2406220010_4,0.9474600,0.013,0.794447,0.024,9.24,SB
2,HLA-A*11:01,AALYDLAVLK,AAYDLAVLK,0,2,1,0,0,AALYDLAVLK,Ref2406220010_4,0.8113980,0.084,0.746396,0.076,15.55,SB
1,HLA-A*11:01,LAALYDLAVLK,LAYDLAVLK,0,2,2,0,0,LAALYDLAVLK,Ref2406220010_4,0.1450380,1.404,0.481496,1.149,273.17,WB
2,HLA-A*11:01,ALYDLAVLK,ALYDLAVLK,0,0,0,0,0,ALYDLAVLK,Ref2406220010_5,0.9474600,0.013,0.794447,0.024,9.24,SB
1,HLA-A*11:01,AALYDLAVLK,AAYDLAVLK,0,2,1,0,0,AALYDLAVLK,Ref2406220010_5,0.8113980,0.084,0.746396,0.076,15.55,SB
2,HLA-A*11:01,ALYDLAVLK,ALYDLAVLK,0,0,0,0,0,ALYDLAVLK,Ref2406220010_5,0.9474600,0.013,0.794447,0.024,9.24,SB
1,HLA-A*11:01,AALYDLAVLK,AAYDLAVLK,0,2,1,0,0,AALYDLAVLK,Ref2406220010_5,0.8113980,0.084,0.746396,0.076,15.55,SB
2,HLA-A*11:01,ALYDLAVLKK,ALYDAVLKK,0,4,1,0,0,ALYDLAVLKK,Ref2406220010_5,0.8085590,0.086,0.697262,0.160,26.46,SB
1,HLA-A*11:01,AALYDLAVLKK,AALYAVLKK,0,4,2,0,0,AALYDLAVLKK,Ref2406220010_5,0.2370860,0.955,0.478049,1.174,283.55,WB
1,HLA-A*11:01,ALYDLAVLK,ALYDLAVLK,0,0,0,0,0,ALYDLAVLK,Ref2406220010_6,0.9474600,0.013,0.794447,0.024,9.24,SB
1,HLA-A*11:01,ALYDLAVLK,ALYDLAVLK,0,0,0,0,0,ALYDLAVLK,Ref2406220010_6,0.9474600,0.013,0.794447,0.024,9.24,SB
1,HLA-A*11:01,ALYDLAVLKK,ALYDAVLKK,0,4,1,0,0,ALYDLAVLKK,Ref2406220010_6,0.8085590,0.086,0.697262,0.160,26.46,SB
1,HLA-A*11:01,SLNNGSITH,SLNNGSITH,0,0,0,0,0,SLNNGSITH,Ref2406220012_1,0.1115890,1.676,0.248196,4.357,3409.61,WB
3,HLA-A*11:01,GSITHLVIR,GSITHLVIR,0,0,0,0,0,GSITHLVIR,Ref2406220012_2,0.3983470,0.546,0.511605,0.928,197.22,WB
2,HLA-A*11:01,GSITHLVIR,GSITHLVIR,0,0,0,0,0,GSITHLVIR,Ref2406220012_2,0.3983470,0.546,0.511605,0.928,197.22,WB
1,HLA-A*11:01,GSITHLVIR,GSITHLVIR,0,0,0,0,0,GSITHLVIR,Ref2406220012_2,0.3983470,0.546,0.511605,0.928,197.22,WB
1,HLA-A*11:01,LQFPPEGWLR,LQFPPGWLR,0,5,1,0,0,LQFPPEGWLR,Ref2406220012_7,0.0949310,1.860,0.341047,2.608,1248.53,WB
1,HLA-A*11:01,KTLSVECLGSR,KTLSVLGSR,0,5,2,0,0,KTLSVECLGSR,Ref2406220014_9,0.0848250,1.981,0.393257,1.965,709.69,WB
1,HLA-A*11:01,ATRENGFLLQY,ATNGFLLQY,0,2,2,0,0,ATRENGFLLQY,Ref2406220021_1,0.2537440,0.901,0.453094,1.389,371.45,WB
1,HLA-A*11:01,SLDENCQEVLK,SLDENEVLK,0,5,2,0,0,SLDENCQEVLK,Ref2406220021_1,0.1129250,1.663,0.395393,1.946,693.47,WB
3,HLA-A*11:01,YLVAIPMEK,YLVAIPMEK,0,0,0,0,0,YLVAIPMEK,Ref2406220021_2,0.5128770,0.361,0.625623,0.346,57.44,SB
2,HLA-A*11:01,QYLVAIPMEK,QLVAIPMEK,0,1,1,0,0,QYLVAIPMEK,Ref2406220021_2,0.1566200,1.332,0.516188,0.897,187.68,WB
1,HLA-A*11:01,LQYLVAIPMEK,LQYAIPMEK,0,3,2,0,0,LQYLVAIPMEK,Ref2406220021_2,0.1283940,1.525,0.493237,1.062,240.58,WB
4,HLA-A*11:01,LVAIPMEK,LVA-IPMEK,0,0,0,3,1,LVAIPMEK,Ref2406220021_2,0.1193060,1.605,0.390213,1.993,733.45,WB
2,HLA-A*11:01,YLVAIPMEK,YLVAIPMEK,0,0,0,0,0,YLVAIPMEK,Ref2406220021_2,0.5128770,0.361,0.625623,0.346,57.44,SB
1,HLA-A*11:01,QYLVAIPMEK,QLVAIPMEK,0,1,1,0,0,QYLVAIPMEK,Ref2406220021_2,0.1566200,1.332,0.516188,0.897,187.68,WB
3,HLA-A*11:01,LVAIPMEK,LVA-IPMEK,0,0,0,3,1,LVAIPMEK,Ref2406220021_2,0.1193060,1.605,0.390213,1.993,733.45,WB
1,HLA-A*11:01,YLVAIPMEK,YLVAIPMEK,0,0,0,0,0,YLVAIPMEK,Ref2406220021_2,0.5128770,0.361,0.625623,0.346,57.44,SB
2,HLA-A*11:01,LVAIPMEK,LVA-IPMEK,0,0,0,3,1,LVAIPMEK,Ref2406220021_2,0.1193060,1.605,0.390213,1.993,733.45,WB
1,HLA-A*11:01,RSRFLDARRK,RSFLDARRK,0,2,1,0,0,RSRFLDARRK,Ref2406220022_5,0.1306050,1.506,0.422558,1.675,516.87,WB
2,HLA-A*33:03,SVGTGVWAR,SVGTGVWAR,0,0,0,0,0,SVGTGVWAR,Ref2406220001_1,0.7529000,0.074,0.640187,0.228,49.06,SB
1,HLA-A*33:03,ASVGTGVWAR,ASVGTVWAR,0,5,1,0,0,ASVGTGVWAR,Ref2406220001_1,0.3351810,0.794,0.514813,0.735,190.49,WB
1,HLA-A*33:03,GVWARNPRYR,GVWARPRYR,0,5,1,0,0,GVWARNPRYR,Ref2406220001_1,0.3602530,0.715,0.562469,0.503,113.75,WB
2,HLA-A*33:03,VWARNPRYR,VWARNPRYR,0,0,0,0,0,VWARNPRYR,Ref2406220001_1,0.2287620,1.285,0.400167,1.765,658.56,WB
1,HLA-A*33:03,VWARNPRYR,VWARNPRYR,0,0,0,0,0,VWARNPRYR,Ref2406220001_1,0.2287620,1.285,0.400167,1.765,658.56,WB
1,HLA-A*33:03,CVWCEGERPR,CVWEGERPR,0,3,1,0,0,CVWCEGERPR,Ref2406220004_8,0.1734570,1.639,0.544406,0.580,138.30,WB
1,HLA-A*33:03,STGDSEHLFR,STGDSHLFR,0,5,1,0,0,STGDSEHLFR,Ref2406220006_1,0.3210740,0.848,0.466166,1.104,322.46,WB
1,HLA-A*33:03,DLGSLQPSPPR,DSLQPSPPR,0,1,2,0,0,DLGSLQPSPPR,Ref2406220007_1,0.3184780,0.858,0.356035,2.348,1061.63,WB
3,HLA-A*33:03,GSLQPSPPR,GSLQPSPPR,0,0,0,0,0,GSLQPSPPR,Ref2406220007_1,0.2617280,1.090,0.352553,2.396,1102.39,WB
1,HLA-A*33:03,GSLQPPPPR,GSLQPPPPR,0,0,0,0,0,GSLQPPPPR,Ref2406220007_1,0.3165540,0.866,0.323780,2.835,1505.00,WB
2,HLA-A*33:03,SLQPPPPR,SLQPPP-PR,0,0,0,6,1,SLQPPPPR,Ref2406220007_1,0.2241000,1.312,0.279326,3.677,2434.59,WB
1,HLA-A*33:03,LQPSPPRFR,LQPSPPRFR,0,0,0,0,0,LQPSPPRFR,Ref2406220007_1,0.2147120,1.362,0.267780,3.943,2758.54,WB
2,HLA-A*33:03,TYLTGHQLK,TYLTGHQLK,0,0,0,0,0,TYLTGHQLK,Ref2406220009_4,0.1936520,1.497,0.378003,2.044,837.04,WB
1,HLA-A*33:03,NTYLTGHQLK,NTYTGHQLK,0,3,1,0,0,NTYLTGHQLK,Ref2406220009_4,0.1502500,1.858,0.393296,1.847,709.39,WB
1,HLA-A*33:03,TYLTGHQLK,TYLTGHQLK,0,0,0,0,0,TYLTGHQLK,Ref2406220009_5,0.1936520,1.497,0.378003,2.044,837.04,WB
2,HLA-A*33:03,NGSITHLVIR,NSITHLVIR,0,1,1,0,0,NGSITHLVIR,Ref2406220012_2,0.3284500,0.819,0.529304,0.654,162.85,WB
3,HLA-A*33:03,GSITHLVIR,GSITHLVIR,0,0,0,0,0,GSITHLVIR,Ref2406220012_2,0.2985050,0.936,0.428919,1.435,482.49,WB
1,HLA-A*33:03,NNGSITHLVIR,NSITHLVIR,0,1,2,0,0,NNGSITHLVIR,Ref2406220012_2,0.2299430,1.278,0.407174,1.684,610.48,WB
1,HLA-A*33:03,NGSITHLVIR,NSITHLVIR,0,1,1,0,0,NGSITHLVIR,Ref2406220012_2,0.3284500,0.819,0.529304,0.654,162.85,WB
2,HLA-A*33:03,GSITHLVIR,GSITHLVIR,0,0,0,0,0,GSITHLVIR,Ref2406220012_2,0.2985050,0.936,0.428919,1.435,482.49,WB
1,HLA-A*33:03,GSITHLVIR,GSITHLVIR,0,0,0,0,0,GSITHLVIR,Ref2406220012_2,0.2985050,0.936,0.428919,1.435,482.49,WB
2,HLA-A*33:03,QFPPEGWLR,QFPPEGWLR,0,0,0,0,0,QFPPEGWLR,Ref2406220012_7,0.6403140,0.176,0.514550,0.737,191.04,SB
1,HLA-A*33:03,LQFPPEGWLR,LQFPPGWLR,0,5,1,0,0,LQFPPEGWLR,Ref2406220012_7,0.3726780,0.676,0.472439,1.055,301.30,WB
3,HLA-A*33:03,LSVECLGSR,LSVECLGSR,0,0,0,0,0,LSVECLGSR,Ref2406220014_9,0.1399980,1.973,0.490339,0.913,248.25,WB
1,HLA-A*33:03,EVVRRCPHHER,EVVRPHHER,0,4,2,0,0,EVVRRCPHHER,Ref2406220015_1,0.6260610,0.191,0.591285,0.384,83.28,SB
2,HLA-A*33:03,VVRRCPHHER,VVRRPHHER,0,4,1,0,0,VVRRCPHHER,Ref2406220015_1,0.3439420,0.766,0.551382,0.550,128.25,WB
1,HLA-A*33:03,VVRRCPHHER,VVRRPHHER,0,4,1,0,0,VVRRCPHHER,Ref2406220015_1,0.3439420,0.766,0.551382,0.550,128.25,WB
1,HLA-A*33:03,QSQHMTEVVR,QSQHMTVVR,0,6,1,0,0,QSQHMTEVVR,Ref2406220015_6,0.1450860,1.909,0.360660,2.284,1009.81,WB
3,HLA-A*33:03,DRPAPFFER,DRPAPFFER,0,0,0,0,0,DRPAPFFER,Ref2406220018_1,0.1789370,1.598,0.308026,3.101,1784.70,WB
2,HLA-A*33:03,DRPAPFFER,DRPAPFFER,0,0,0,0,0,DRPAPFFER,Ref2406220018_1,0.1789370,1.598,0.308026,3.101,1784.70,WB
1,HLA-A*33:03,DRPAPFFER,DRPAPFFER,0,0,0,0,0,DRPAPFFER,Ref2406220018_1,0.1789370,1.598,0.308026,3.101,1784.70,WB
2,HLA-A*33:03,FFERSSSKR,FFERSSSKR,0,0,0,0,0,FFERSSSKR,Ref2406220018_1,0.3420810,0.772,0.498736,0.847,226.69,WB
1,HLA-A*33:03,PFFERSSSKR,PFFERSSSR,0,8,1,0,0,PFFERSSSKR,Ref2406220018_1,0.2065650,1.408,0.438479,1.338,435.08,WB
4,HLA-A*33:03,EVLKFATR,EVL-KFATR,0,0,0,3,1,EVLKFATR,Ref2406220021_5,0.4656750,0.440,0.505900,0.792,209.78,SB
1,HLA-A*33:03,NCQEVLKFATR,NCQEVFATR,0,5,2,0,0,NCQEVLKFATR,Ref2406220021_5,0.1752080,1.626,0.344186,2.513,1206.84,WB
1,HLA-A*33:03,MILRSRFLDAR,MILRSRFLR,0,8,2,0,0,MILRSRFLDAR,Ref2406220022_2,0.2129990,1.371,0.663039,0.173,38.32,WB
1,HLA-A*33:03,RSRFLDARR,RSRFLDARR,0,0,0,0,0,RSRFLDARR,Ref2406220022_5,0.1710890,1.656,0.478752,1.006,281.40,WB
1,HLA-A*33:03,RSRFLDARR,RSRFLDARR,0,0,0,0,0,RSRFLDARR,Ref2406220022_5,0.1710890,1.656,0.478752,1.006,281.40,WB
2,HLA-A*33:03,RFLDARRKR,RFLDARRKR,0,0,0,0,0,RFLDARRKR,Ref2406220022_6,0.3984380,0.598,0.470185,1.073,308.73,WB
1,HLA-A*33:03,SRFLDARRKR,SFLDARRKR,0,1,1,0,0,SRFLDARRKR,Ref2406220022_6,0.3766910,0.664,0.479866,0.997,278.03,WB
1,HLA-A*33:03,RFLDARRKR,RFLDARRKR,0,0,0,0,0,RFLDARRKR,Ref2406220022_7,0.3984380,0.598,0.470185,1.073,308.73,WB
1,HLA-B*52:01,VTQPTSNPV,VTQPTSNPV,0,0,0,0,0,VTQPTSNPV,Ref2406220002_2,0.0911770,1.934,0.168580,2.517,8068.96,WB
1,HLA-B*52:01,VTQPTSNPV,VTQPTSNPV,0,0,0,0,0,VTQPTSNPV,Ref2406220003_1,0.0911770,1.934,0.168580,2.517,8068.96,WB
1,HLA-B*52:01,TAMPQYGCV,TAMPQYGCV,0,0,0,0,0,TAMPQYGCV,Ref2406220004_1,0.0926810,1.894,0.208616,1.206,5232.26,WB
1,HLA-B*52:01,SEHLFRIL,SEH-LFRIL,0,0,0,3,1,SEHLFRIL,Ref2406220006_2,0.1345750,1.134,0.130396,5.409,12196.72,WB
1,HLA-B*52:01,VQWHDLGL,VQW-HDLGL,0,0,0,3,1,VQWHDLGL,Ref2406220007_1,0.1174320,1.388,0.178333,2.097,7260.87,WB
1,HLA-B*52:01,VQWHDLGLL,VQWHDLGLL,0,0,0,0,0,VQWHDLGLL,Ref2406220007_1,0.1567350,0.864,0.250526,0.555,3324.73,WB
1,HLA-B*52:01,VQWHDLGL,VQW-HDLGL,0,0,0,3,1,VQWHDLGL,Ref2406220007_1,0.1174320,1.388,0.178333,2.097,7260.87,WB
1,HLA-B*52:01,LLQPSPPRF,LLQPSPPRF,0,0,0,0,0,LLQPSPPRF,Ref2406220007_1,0.2409570,0.391,0.185411,1.820,6725.57,SB
2,HLA-B*52:01,LQPSPPRF,LQ-PSPPRF,0,0,0,2,1,LQPSPPRF,Ref2406220007_1,0.2078290,0.523,0.138562,4.582,11165.33,WB
1,HLA-B*52:01,LLQPSPPRF,LLQPSPPRF,0,0,0,0,0,LLQPSPPRF,Ref2406220007_1,0.2409570,0.391,0.185411,1.820,6725.57,SB
2,HLA-B*52:01,LQPSPPRF,LQ-PSPPRF,0,0,0,2,1,LQPSPPRF,Ref2406220007_1,0.2078290,0.523,0.138562,4.582,11165.33,WB
1,HLA-B*52:01,LQPSPPRF,LQ-PSPPRF,0,0,0,2,1,LQPSPPRF,Ref2406220007_1,0.2078290,0.523,0.138562,4.582,11165.33,WB
1,HLA-B*52:01,LQPSPPRF,LQ-PSPPRF,0,0,0,2,1,LQPSPPRF,Ref2406220007_1,0.2078290,0.523,0.138562,4.582,11165.33,WB
1,HLA-B*52:01,EQNDKISEL,EQNDKISEL,0,0,0,0,0,EQNDKISEL,Ref2406220008_1,0.2128540,0.497,0.092533,11.982,18372.16,SB
1,HLA-B*52:01,NTYLTGHQL,NTYLTGHQL,0,0,0,0,0,NTYLTGHQL,Ref2406220009_4,0.3037480,0.223,0.196613,1.491,5957.87,SB
1,HLA-B*52:01,NTYLTGHQL,NTYLTGHQL,0,0,0,0,0,NTYLTGHQL,Ref2406220009_4,0.3037480,0.223,0.196613,1.491,5957.87,SB
2,HLA-B*52:01,IQLIQNHF,IQL-IQNHF,0,0,0,3,1,IQLIQNHF,Ref2406220011_2,0.1906160,0.617,0.162983,2.814,8572.70,WB
1,HLA-B*52:01,IQLIQNHF,IQL-IQNHF,0,0,0,3,1,IQLIQNHF,Ref2406220011_2,0.1906160,0.617,0.162983,2.814,8572.70,WB
1,HLA-B*52:01,LNNGSITHL,LNNGSITHL,0,0,0,0,0,LNNGSITHL,Ref2406220012_1,0.0990840,1.729,0.114004,7.563,14563.59,WB
2,HLA-B*52:01,NGSITHLVI,NGSITHLVI,0,0,0,0,0,NGSITHLVI,Ref2406220012_2,0.0954040,1.817,0.222108,0.933,4521.59,WB
3,HLA-B*52:01,GSITHLVI,GSI-THLVI,0,0,0,3,1,GSITHLVI,Ref2406220012_2,0.0916360,1.922,0.152980,3.445,9552.60,WB
1,HLA-B*52:01,NGSITHLVI,NGSITHLVI,0,0,0,0,0,NGSITHLVI,Ref2406220012_2,0.0954040,1.817,0.222108,0.933,4521.59,WB
2,HLA-B*52:01,GSITHLVI,GSI-THLVI,0,0,0,3,1,GSITHLVI,Ref2406220012_2,0.0916360,1.922,0.152980,3.445,9552.60,WB
1,HLA-B*52:01,NGSITHLVI,NGSITHLVI,0,0,0,0,0,NGSITHLVI,Ref2406220012_2,0.0954040,1.817,0.222108,0.933,4521.59,WB
2,HLA-B*52:01,GSITHLVI,GSI-THLVI,0,0,0,3,1,GSITHLVI,Ref2406220012_2,0.0916360,1.922,0.152980,3.445,9552.60,WB
1,HLA-B*52:01,GSITHLVI,GSI-THLVI,0,0,0,3,1,GSITHLVI,Ref2406220012_2,0.0916360,1.922,0.152980,3.445,9552.60,WB
1,HLA-B*52:01,LQFPPEGW,LQFPP-EGW,0,0,0,5,1,LQFPPEGW,Ref2406220012_7,0.1298300,1.192,0.158087,3.096,9039.07,WB
1,HLA-B*52:01,LQFPPEGWL,LQFPPEGWL,0,0,0,0,0,LQFPPEGWL,Ref2406220012_7,0.2452880,0.376,0.252560,0.532,3252.36,SB
1,HLA-B*52:01,LQFPPEGW,LQFPP-EGW,0,0,0,5,1,LQFPPEGW,Ref2406220012_7,0.1298300,1.192,0.158087,3.096,9039.07,WB
1,HLA-B*52:01,LQFPPEGWLRL,LQFPPELRL,0,6,2,0,0,LQFPPEGWLRL,Ref2406220012_7,0.2512450,0.356,0.282858,0.291,2343.30,SB
1,HLA-B*52:01,LQFPPEGWL,LQFPPEGWL,0,0,0,0,0,LQFPPEGWL,Ref2406220012_7,0.2452880,0.376,0.252560,0.532,3252.36,SB
1,HLA-B*52:01,LQFPPEGW,LQFPP-EGW,0,0,0,5,1,LQFPPEGW,Ref2406220012_7,0.1298300,1.192,0.158087,3.096,9039.07,WB
1,HLA-B*52:01,EEWYKTLSV,EEWYKTLSV,0,0,0,0,0,EEWYKTLSV,Ref2406220014_5,0.1887160,0.628,0.188744,1.707,6487.35,WB
2,HLA-B*52:01,AIYKQSQHM,AIYKQSQHM,0,0,0,0,0,AIYKQSQHM,Ref2406220015_1,0.1367970,1.108,0.133421,5.075,11803.99,WB
1,HLA-B*52:01,AIYKQSQHM,AIYKQSQHM,0,0,0,0,0,AIYKQSQHM,Ref2406220015_2,0.1367970,1.108,0.133421,5.075,11803.99,WB
1,HLA-B*52:01,KQSQHMTEV,KQSQHMTEV,0,0,0,0,0,KQSQHMTEV,Ref2406220015_5,0.3585640,0.148,0.197776,1.458,5883.37,SB
2,HLA-B*52:01,SQHMTEVV,SQH-MTEVV,0,0,0,3,1,SQHMTEVV,Ref2406220015_6,0.2316150,0.426,0.194695,1.543,6082.81,SB
1,HLA-B*52:01,SQHMTEVV,SQH-MTEVV,0,0,0,3,1,SQHMTEVV,Ref2406220015_7,0.2316150,0.426,0.194695,1.543,6082.81,SB
1,HLA-B*52:01,AGFRIPMSL,AGFRIPMSL,0,0,0,0,0,AGFRIPMSL,Ref2406220017_1,0.3113940,0.208,0.249359,0.569,3366.97,SB
1,HLA-B*52:01,NGFLLQYLV,NGFLLQYLV,0,0,0,0,0,NGFLLQYLV,Ref2406220021_1,0.0997350,1.713,0.305233,0.199,1839.46,WB
1,HLA-B*52:01,LQYLVAIPM,LQYLVAIPM,0,0,0,0,0,LQYLVAIPM,Ref2406220021_2,0.1133060,1.463,0.324544,0.145,1492.61,WB
1,HLA-B*52:01,LQYLVAIPM,LQYLVAIPM,0,0,0,0,0,LQYLVAIPM,Ref2406220021_2,0.1133060,1.463,0.324544,0.145,1492.61,WB
1,HLA-B*52:01,FSKQATEVL,FSKQATEVL,0,0,0,0,0,FSKQATEVL,Ref2406220022_1,0.1118040,1.491,0.129470,5.511,12319.54,WB
1,HLA-C*03:02,MCNEKFSYF,MCNEKFSYF,0,0,0,0,0,MCNEKFSYF,Ref2406220002_7,0.3909340,0.490,0.544736,0.640,137.81,SB
1,HLA-C*03:02,MCNEKFSYF,MCNEKFSYF,0,0,0,0,0,MCNEKFSYF,Ref2406220003_1,0.3909340,0.490,0.544736,0.640,137.81,SB
1,HLA-C*03:02,STGDSEHLF,STGDSEHLF,0,0,0,0,0,STGDSEHLF,Ref2406220006_1,0.1899360,1.111,0.278078,4.033,2467.69,WB
2,HLA-C*03:02,SLQPPPPRY,SLQPPPPRY,0,0,0,0,0,SLQPPPPRY,Ref2406220007_1,0.6895000,0.144,0.363788,2.259,976.21,SB
1,HLA-C*03:02,GSLQPPPPRY,GSLPPPPRY,0,3,1,0,0,GSLQPPPPRY,Ref2406220007_1,0.1274510,1.601,0.225663,5.912,4350.97,WB
3,HLA-C*03:02,LQPPPPRY,LQPPPPR-Y,0,0,0,7,1,LQPPPPRY,Ref2406220007_1,0.1270420,1.605,0.139629,12.207,11037.16,WB
1,HLA-C*03:02,LLQPSPPRF,LLQPSPPRF,0,0,0,0,0,LLQPSPPRF,Ref2406220007_1,0.4070570,0.464,0.402953,1.708,639.01,SB
1,HLA-C*03:02,LLQPSPPRF,LLQPSPPRF,0,0,0,0,0,LLQPSPPRF,Ref2406220007_1,0.4070570,0.464,0.402953,1.708,639.01,SB
1,HLA-C*03:02,EQNDKISEL,EQNDKISEL,0,0,0,0,0,EQNDKISEL,Ref2406220008_1,0.1013490,1.924,0.171054,9.164,7855.83,WB
1,HLA-C*03:02,NTYLTGHQL,NTYLTGHQL,0,0,0,0,0,NTYLTGHQL,Ref2406220009_4,0.4971220,0.332,0.495978,0.893,233.55,SB
1,HLA-C*03:02,NTYLTGHQL,NTYLTGHQL,0,0,0,0,0,NTYLTGHQL,Ref2406220009_4,0.4971220,0.332,0.495978,0.893,233.55,SB
2,HLA-C*03:02,AALYDLAVL,AALYDLAVL,0,0,0,0,0,AALYDLAVL,Ref2406220010_4,0.1687730,1.250,0.538368,0.668,147.64,WB
1,HLA-C*03:02,AALYDLAVL,AALYDLAVL,0,0,0,0,0,AALYDLAVL,Ref2406220010_5,0.1687730,1.250,0.538368,0.668,147.64,WB
1,HLA-C*03:02,AALYDLAVL,AALYDLAVL,0,0,0,0,0,AALYDLAVL,Ref2406220010_5,0.1687730,1.250,0.538368,0.668,147.64,WB
1,HLA-C*03:02,AALYDLAVL,AALYDLAVL,0,0,0,0,0,AALYDLAVL,Ref2406220010_5,0.1687730,1.250,0.538368,0.668,147.64,WB
1,HLA-C*03:02,TIQLIQNHF,TIQLIQNHF,0,0,0,0,0,TIQLIQNHF,Ref2406220011_2,0.1198840,1.682,0.240580,5.279,3702.47,WB
1,HLA-C*03:02,YIVCRALQF,YIVCRALQF,0,0,0,0,0,YIVCRALQF,Ref2406220012_1,0.4459400,0.403,0.703362,0.148,24.77,SB
3,HLA-C*03:02,FPPEGWLRL,FPPEGWLRL,0,0,0,0,0,FPPEGWLRL,Ref2406220012_7,0.1104150,1.803,0.280062,3.975,2415.28,WB
1,HLA-C*03:02,FPPEGWLRL,FPPEGWLRL,0,0,0,0,0,FPPEGWLRL,Ref2406220012_9,0.1104150,1.803,0.280062,3.975,2415.28,WB
1,HLA-C*03:02,MAIYKQSQH,MAIYKQSQH,0,0,0,0,0,MAIYKQSQH,Ref2406220015_1,0.1974070,1.068,0.422375,1.504,517.90,WB
2,HLA-C*03:02,AIYKQSQHM,AIYKQSQHM,0,0,0,0,0,AIYKQSQHM,Ref2406220015_1,0.3878330,0.495,0.454007,1.190,367.79,SB
1,HLA-C*03:02,MAIYKQSQH,MAIYKQSQH,0,0,0,0,0,MAIYKQSQH,Ref2406220015_1,0.1974070,1.068,0.422375,1.504,517.90,WB
1,HLA-C*03:02,MAIYKQSQHM,MAYKQSQHM,0,2,1,0,0,MAIYKQSQHM,Ref2406220015_1,0.1821370,1.161,0.593633,0.430,81.19,WB
1,HLA-C*03:02,AIYKQSQHM,AIYKQSQHM,0,0,0,0,0,AIYKQSQHM,Ref2406220015_2,0.3878330,0.495,0.454007,1.190,367.79,SB
3,HLA-C*03:02,RSMTVVPY,RSM-TVVPY,0,0,0,3,1,RSMTVVPY,Ref2406220016_8,0.1506530,1.387,0.489075,0.941,251.66,WB
2,HLA-C*03:02,RSMTVVPY,RSM-TVVPY,0,0,0,3,1,RSMTVVPY,Ref2406220016_9,0.1506530,1.387,0.489075,0.941,251.66,WB
1,HLA-C*03:02,AGFRIPMSL,AGFRIPMSL,0,0,0,0,0,AGFRIPMSL,Ref2406220017_1,0.1235870,1.642,0.334835,2.735,1335.34,WB
2,HLA-C*03:02,ALIDRPAPF,ALIDRPAPF,0,0,0,0,0,ALIDRPAPF,Ref2406220018_1,0.3737930,0.524,0.552437,0.606,126.79,WB
1,HLA-C*03:02,SALIDRPAPF,SAIDRPAPF,0,2,1,0,0,SALIDRPAPF,Ref2406220018_1,0.2849710,0.731,0.589267,0.449,85.12,WB
1,HLA-C*03:02,ALIDRPAPF,ALIDRPAPF,0,0,0,0,0,ALIDRPAPF,Ref2406220018_1,0.3737930,0.524,0.552437,0.606,126.79,WB
1,HLA-C*03:02,LIDRPAPFF,LIDRPAPFF,0,0,0,0,0,LIDRPAPFF,Ref2406220018_1,0.1782220,1.187,0.326111,2.894,1467.52,WB
1,HLA-C*03:02,LIDRPAPFF,LIDRPAPFF,0,0,0,0,0,LIDRPAPFF,Ref2406220018_1,0.1782220,1.187,0.326111,2.894,1467.52,WB
1,HLA-C*03:02,RSSSKRYTM,RSSSKRYTM,0,0,0,0,0,RSSSKRYTM,Ref2406220018_2,0.2821800,0.739,0.478601,1.015,281.86,WB
1,HLA-C*03:02,FATRENGFL,FATRENGFL,0,0,0,0,0,FATRENGFL,Ref2406220021_1,0.1425550,1.460,0.545464,0.637,136.73,WB
1,HLA-C*03:02,FATRENGF,FAT-RENGF,0,0,0,3,1,FATRENGF,Ref2406220021_1,0.1121650,1.779,0.313700,3.147,1678.43,WB
1,HLA-C*03:02,FATRENGFL,FATRENGFL,0,0,0,0,0,FATRENGFL,Ref2406220021_1,0.1425550,1.460,0.545464,0.637,136.73,WB
2,HLA-C*03:02,ATRENGFLL,ATRENGFLL,0,0,0,0,0,ATRENGFLL,Ref2406220021_1,0.1420420,1.465,0.348795,2.484,1148.13,WB
1,HLA-C*03:02,FATRENGFLL,FARENGFLL,0,2,1,0,0,FATRENGFLL,Ref2406220021_1,0.1249450,1.628,0.539246,0.664,146.24,WB
1,HLA-C*03:02,FATRENGF,FAT-RENGF,0,0,0,3,1,FATRENGF,Ref2406220021_1,0.1121650,1.779,0.313700,3.147,1678.43,WB
1,HLA-C*03:02,ATRENGFLL,ATRENGFLL,0,0,0,0,0,ATRENGFLL,Ref2406220021_1,0.1420420,1.465,0.348795,2.484,1148.13,WB
1,HLA-C*03:02,ATRENGFLL,ATRENGFLL,0,0,0,0,0,ATRENGFLL,Ref2406220021_1,0.1420420,1.465,0.348795,2.484,1148.13,WB
1,HLA-C*03:02,FSKQATEVL,FSKQATEVL,0,0,0,0,0,FSKQATEVL,Ref2406220022_1,0.7231440,0.120,0.706580,0.144,23.92,SB
3,HLA-C*03:02,QATEVLNEY,QATEVLNEY,0,0,0,0,0,QATEVLNEY,Ref2406220022_1,0.8285010,0.054,0.637131,0.291,50.71,SB
2,HLA-C*03:02,KQATEVLNEY,KATEVLNEY,0,1,1,0,0,KQATEVLNEY,Ref2406220022_1,0.2380740,0.884,0.395688,1.802,691.26,WB
1,HLA-C*03:02,SKQATEVLNEY,SATEVLNEY,0,1,2,0,0,SKQATEVLNEY,Ref2406220022_1,0.1531370,1.366,0.296474,3.538,2022.31,WB
2,HLA-C*03:02,QATEVLNEY,QATEVLNEY,0,0,0,0,0,QATEVLNEY,Ref2406220022_2,0.8285010,0.054,0.637131,0.291,50.71,SB
1,HLA-C*03:02,KQATEVLNEY,KATEVLNEY,0,1,1,0,0,KQATEVLNEY,Ref2406220022_2,0.2380740,0.884,0.395688,1.802,691.26,WB
1,HLA-C*03:02,QATEVLNEY,QATEVLNEY,0,0,0,0,0,QATEVLNEY,Ref2406220022_2,0.8285010,0.054,0.637131,0.291,50.71,SB
1,HLA-C*07:02,MCNEKFSYF,MCNEKFSYF,0,0,0,0,0,MCNEKFSYF,Ref2406220002_7,0.0241330,1.683,0.258078,1.385,3063.86,WB
1,HLA-C*07:02,MCNEKFSYF,MCNEKFSYF,0,0,0,0,0,MCNEKFSYF,Ref2406220003_1,0.0241330,1.683,0.258078,1.385,3063.86,WB
2,HLA-C*07:02,SLQPPPPRY,SLQPPPPRY,0,0,0,0,0,SLQPPPPRY,Ref2406220007_1,0.1842440,0.299,0.163021,4.330,8569.18,SB
3,HLA-C*07:02,LQPPPPRYK,LQPPPPRYK,0,0,0,0,0,LQPPPPRYK,Ref2406220007_1,0.0521130,0.937,0.158046,4.616,9043.08,WB
3,HLA-C*07:02,LQPPPPRY,LQPPPPR-Y,0,0,0,7,1,LQPPPPRY,Ref2406220007_1,0.0468030,1.028,0.117389,8.148,14039.85,WB
1,HLA-C*07:02,LLQPSPPRF,LLQPSPPRF,0,0,0,0,0,LLQPSPPRF,Ref2406220007_1,0.0622060,0.804,0.201730,2.681,5636.98,WB
1,HLA-C*07:02,LLQPSPPRF,LLQPSPPRF,0,0,0,0,0,LLQPSPPRF,Ref2406220007_1,0.0622060,0.804,0.201730,2.681,5636.98,WB
1,HLA-C*07:02,EQNDKISEL,EQNDKISEL,0,0,0,0,0,EQNDKISEL,Ref2406220008_1,0.1207850,0.461,0.182643,3.365,6930.04,SB
2,HLA-C*07:02,TYLTGHQL,TYL-TGHQL,0,0,0,3,1,TYLTGHQL,Ref2406220009_4,0.0899320,0.586,0.230662,1.897,4121.89,WB
1,HLA-C*07:02,NTYLTGHQL,NTYLTGHQL,0,0,0,0,0,NTYLTGHQL,Ref2406220009_4,0.0222690,1.783,0.207930,2.480,5271.25,WB
2,HLA-C*07:02,TYLTGHQL,TYL-TGHQL,0,0,0,3,1,TYLTGHQL,Ref2406220009_4,0.0899320,0.586,0.230662,1.897,4121.89,WB
1,HLA-C*07:02,NTYLTGHQL,NTYLTGHQL,0,0,0,0,0,NTYLTGHQL,Ref2406220009_4,0.0222690,1.783,0.207930,2.480,5271.25,WB
1,HLA-C*07:02,TYLTGHQL,TYL-TGHQL,0,0,0,3,1,TYLTGHQL,Ref2406220009_5,0.0899320,0.586,0.230662,1.897,4121.89,WB
1,HLA-C*07:02,TYLTGHQL,TYL-TGHQL,0,0,0,3,1,TYLTGHQL,Ref2406220009_5,0.0899320,0.586,0.230662,1.897,4121.89,WB
3,HLA-C*07:02,FPPEGWLRL,FPPEGWLRL,0,0,0,0,0,FPPEGWLRL,Ref2406220012_7,0.0403430,1.157,0.216719,2.250,4793.07,WB
1,HLA-C*07:02,FPPEGWLRL,FPPEGWLRL,0,0,0,0,0,FPPEGWLRL,Ref2406220012_9,0.0403430,1.157,0.216719,2.250,4793.07,WB
3,HLA-C*07:02,IYKQSQHM,IYK-QSQHM,0,0,0,3,1,IYKQSQHM,Ref2406220015_1,0.1005290,0.532,0.267962,1.250,2753.12,WB
2,HLA-C*07:02,IYKQSQHM,IYK-QSQHM,0,0,0,3,1,IYKQSQHM,Ref2406220015_2,0.1005290,0.532,0.267962,1.250,2753.12,WB
1,HLA-C*07:02,IYKQSQHM,IYK-QSQHM,0,0,0,3,1,IYKQSQHM,Ref2406220015_3,0.1005290,0.532,0.267962,1.250,2753.12,WB
2,HLA-C*07:02,WRSMTVVPY,WRSMTVVPY,0,0,0,0,0,WRSMTVVPY,Ref2406220016_8,0.1454250,0.393,0.557392,0.058,120.17,SB
1,HLA-C*07:02,WRSMTVVPY,WRSMTVVPY,0,0,0,0,0,WRSMTVVPY,Ref2406220016_9,0.1454250,0.393,0.557392,0.058,120.17,SB
2,HLA-C*07:02,ALIDRPAPF,ALIDRPAPF,0,0,0,0,0,ALIDRPAPF,Ref2406220018_1,0.0464920,1.034,0.304589,0.823,1852.32,WB
1,HLA-C*07:02,ALIDRPAPF,ALIDRPAPF,0,0,0,0,0,ALIDRPAPF,Ref2406220018_1,0.0464920,1.034,0.304589,0.823,1852.32,WB
1,HLA-C*07:02,RSSSKRYTM,RSSSKRYTM,0,0,0,0,0,RSSSKRYTM,Ref2406220018_2,0.0194910,1.957,0.260017,1.361,3000.25,WB
2,HLA-C*07:02,TRENGFLLQY,TRNGFLLQY,0,2,1,0,0,TRENGFLLQY,Ref2406220021_1,0.1296910,0.436,0.334218,0.596,1344.28,SB
3,HLA-C*07:02,RENGFLLQY,RENGFLLQY,0,0,0,0,0,RENGFLLQY,Ref2406220021_1,0.0732950,0.700,0.187667,3.172,6563.39,WB
1,HLA-C*07:02,TRENGFLLQY,TRNGFLLQY,0,2,1,0,0,TRENGFLLQY,Ref2406220021_1,0.1296910,0.436,0.334218,0.596,1344.28,SB
2,HLA-C*07:02,RENGFLLQY,RENGFLLQY,0,0,0,0,0,RENGFLLQY,Ref2406220021_1,0.0732950,0.700,0.187667,3.172,6563.39,WB
1,HLA-C*07:02,TRENGFLLQY,TRNGFLLQY,0,2,1,0,0,TRENGFLLQY,Ref2406220021_1,0.1296910,0.436,0.334218,0.596,1344.28,SB
2,HLA-C*07:02,RENGFLLQY,RENGFLLQY,0,0,0,0,0,RENGFLLQY,Ref2406220021_1,0.0732950,0.700,0.187667,3.172,6563.39,WB
1,HLA-C*07:02,FSKQATEVL,FSKQATEVL,0,0,0,0,0,FSKQATEVL,Ref2406220022_1,0.0259970,1.599,0.289608,0.974,2178.26,WB
3,HLA-C*07:02,QATEVLNEY,QATEVLNEY,0,0,0,0,0,QATEVLNEY,Ref2406220022_1,0.0452920,1.055,0.196179,2.866,5985.92,WB
2,HLA-C*07:02,QATEVLNEY,QATEVLNEY,0,0,0,0,0,QATEVLNEY,Ref2406220022_2,0.0452920,1.055,0.196179,2.866,5985.92,WB
1,HLA-C*07:02,QATEVLNEY,QATEVLNEY,0,0,0,0,0,QATEVLNEY,Ref2406220022_2,0.0452920,1.055,0.196179,2.866,5985.92,WB
